SampleID,Prediction,Confidence
1,1,0.9714285731315613
2,1,1.0
3,1,0.6088722437620163
4,1,0.9909090876579285
5,1,0.6235881298780441
6,1,0.950572955608368
7,1,1.0
8,1,1.0
